model,outer_repeat,outer_fold,n_test,events_test,AUC,AUPRC,Brier,Log loss,Calibration intercept,Calibration slope
elastic_net,1,1,37,11,0.7552447552447552,0.6054768167067632,0.18464412294939092,0.5455640286413697,0.4962017540654851,1.2691669224852633
elastic_net,1,2,36,11,0.6981818181818181,0.6433243034055728,0.1851127094360917,0.5504943799309516,-0.24598786940498532,0.7186526093906143
elastic_net,1,3,36,10,0.826923076923077,0.7535178463399879,0.14732666199595051,0.4601549185476432,0.17917649256413487,1.6408640811105484
elastic_net,1,4,36,10,0.4807692307692308,0.34622465178499656,0.22014194575345958,0.6422036719134115,-0.7854512799290435,0.16235618228019394
elastic_net,1,5,36,10,0.7461538461538462,0.5219875776397516,0.18062819516577525,0.5394013536535016,0.9102350390013083,2.2384639511889755
elastic_net,2,1,37,11,0.5104895104895105,0.4294606025287843,0.22651411932917673,0.6838826620419846,-0.7315993497020571,0.10130733165086485
elastic_net,2,2,36,11,0.6945454545454546,0.5129098580383166,0.1926141682308422,0.5630549828455601,0.3699877222082295,1.3552500855934693
elastic_net,2,3,36,10,0.7692307692307693,0.6740242165242165,0.161571671250209,0.49761412178888853,0.5112125931922173,1.9560379814423883
elastic_net,2,4,36,10,0.6653846153846154,0.3967226890756302,0.1977573098896232,0.5728873412567433,-0.39500418071939675,0.6566974287004759
elastic_net,2,5,36,10,0.7961538461538462,0.6629727706933589,0.15833905788431307,0.4793613021981911,0.4506901623601834,1.5733217655747906
elastic_net,3,1,37,11,0.7307692307692308,0.5155449323898522,0.1852580749537416,0.5454358259004208,0.19628753476782101,1.2067542830423146
elastic_net,3,2,36,11,0.6145454545454545,0.4139940468887837,0.20906246008111204,0.6116531273886263,-0.20877927105975705,0.6092400952376175
elastic_net,3,3,36,10,0.6384615384615385,0.4292795798542702,0.19438452153676497,0.582908518610157,-0.40134724914736475,0.5341060698348633
elastic_net,3,4,36,10,0.8,0.6951256151256151,0.15526106629577174,0.47713049204815294,0.6472739330614053,1.8876618784092174
elastic_net,3,5,36,10,0.6807692307692308,0.6197896114967726,0.18940193830413618,0.5669080754444474,-0.4788453353590773,0.6294214238388421
elastic_net,4,1,37,11,0.6993006993006993,0.5371911613290924,0.18987143485230923,0.5563954204611538,0.09429798363913035,1.1777584596683235
elastic_net,4,2,36,11,0.6436363636363636,0.5677246905100893,0.19783578260293125,0.5947836220027902,-0.18942052368834877,0.6445526663090088
elastic_net,4,3,36,10,0.6153846153846154,0.33300722706497377,0.2316469460215403,0.6440082976385882,-0.7439621796504268,0.26096357486153715
elastic_net,4,4,36,10,0.7307692307692308,0.6286693199273844,0.16431560254783112,0.5088060434772209,0.43795860638301487,1.430403170495272
elastic_net,4,5,36,10,0.5653846153846154,0.4187608225108225,0.21260248148327887,0.6370889610536036,-0.5654315117872563,0.27932591252407984
elastic_net,5,1,37,11,0.7342657342657343,0.654229797979798,0.16789019971592598,0.5147400426282863,0.3215531741445776,1.2104140556609464
elastic_net,5,2,36,11,0.8145454545454545,0.5823326859212027,0.1790191581753969,0.523802799154081,1.261021906169205,2.1467972251842533
elastic_net,5,3,36,10,0.5846153846153846,0.34022185898784363,0.19948802563188275,0.5729921568889922,-0.2346892225510395,0.6821855463870722
elastic_net,5,4,36,10,0.7423076923076922,0.6211062192021943,0.17779062206411025,0.5380730371024706,-0.3231078590389513,0.9859163049976345
elastic_net,5,5,36,10,0.6653846153846155,0.6039376877495318,0.18159669601851006,0.5476065111191231,-0.21514809531852053,0.8791976400347148
elastic_net,6,1,37,11,0.7202797202797203,0.524323221188425,0.19198920632318411,0.563484308957678,1.4303802929753369,2.0417770242890465
elastic_net,6,2,36,11,0.7418181818181817,0.6406166084554832,0.1733953722836098,0.521820635405498,-0.10176503683147782,1.3751443986255962
elastic_net,6,3,36,10,0.6153846153846154,0.38438350778908054,0.20763094131648055,0.6149307912179953,-0.5833609872686982,0.3528914530184622
elastic_net,6,4,36,10,0.5423076923076924,0.39807100751655156,0.21355524720407834,0.6189645739636567,-0.7195676705223069,0.2698527904402911
elastic_net,6,5,36,10,0.6384615384615385,0.4235786101375938,0.20130905236100397,0.5796863478749598,-0.31075405118689453,0.5737243056411189
elastic_net,7,1,37,11,0.7692307692307692,0.608933304934235,0.1707761396004538,0.5060224579177501,0.29445497281701666,1.4416087617257614
elastic_net,7,2,36,11,0.5672727272727273,0.4794959211754878,0.21116000287006656,0.6205605057974057,-0.30541410949270564,0.4853872467567873
elastic_net,7,3,36,10,0.6038461538461538,0.47397031039136295,0.19498230593727398,0.579713950831986,-0.28266903147921446,0.5952621561711504
elastic_net,7,4,36,10,0.85,0.7459053265575004,0.14028178644528772,0.44369860676990514,0.9764645980842146,2.2525392611462602
elastic_net,7,5,36,10,0.6000000000000001,0.37381725338819155,0.20511408106405452,0.5897262387812028,-0.5252971795346342,0.5212647894344953
elastic_net,8,1,37,11,0.6888111888111889,0.5135919746019798,0.18878517843989115,0.5566820018040524,-0.12331172416605635,0.9588829990650298
elastic_net,8,2,36,11,0.5090909090909091,0.45999703363107225,0.22493238747132155,0.6624018905673091,-0.6292968333269132,0.1957100884053841
elastic_net,8,3,36,10,0.7038461538461538,0.5947980400205009,0.17807815202933291,0.5322300024146821,-0.16259136851328637,0.8453447273899107
elastic_net,8,4,36,10,0.7730769230769231,0.5307354497354497,0.17724896306741642,0.5265538046368989,0.3504963590301885,1.150908256688898
elastic_net,8,5,36,10,0.573076923076923,0.3880991080642783,0.20126072029781605,0.5932205040219405,-0.553681401044898,0.47184621253404585
elastic_net,9,1,37,11,0.7097902097902098,0.4676741930892139,0.19151507127912107,0.5539410489578506,0.09215745151327988,0.8880199725929089
elastic_net,9,2,36,11,0.7345454545454545,0.6040494925064304,0.18184201810601,0.5402190778804135,0.4416244643321398,1.4539674799321538
elastic_net,9,3,36,10,0.6230769230769231,0.5158575028757584,0.19514033847157697,0.5809955492525888,-0.40683732140059853,0.587096803257619
elastic_net,9,4,36,10,0.6653846153846154,0.5151648297569903,0.18514572705185542,0.5545255093710746,-0.1651869561846761,0.7846249967110123
elastic_net,9,5,36,10,0.7538461538461538,0.575,0.16891039146343692,0.5142791741112447,0.014877589862882639,1.406742662561831
elastic_net,10,1,37,11,0.8146853146853147,0.7145255813705013,0.16298460976817428,0.49481524064376464,0.6815505496763241,1.7723591899837243
elastic_net,10,2,36,11,0.7927272727272727,0.7091783216783216,0.15776902402449527,0.48177224807942626,0.5511612284165164,1.4215806461862692
elastic_net,10,3,36,10,0.6884615384615385,0.4412000473166175,0.18892959167592277,0.5579072122716969,-0.018448348731029535,1.208207205715115
elastic_net,10,4,36,10,0.5423076923076923,0.38278953889248,0.21630452610962422,0.6335861694926128,-0.7466004075638227,0.21378190617487944
elastic_net,10,5,36,10,0.6846153846153846,0.4061571141277024,0.19475151325951762,0.5688089360079087,-0.06539037556580955,0.8819807980249381
lasso,1,1,37,11,0.7587412587412588,0.6046428680467276,0.18469267653395435,0.5448630093915536,0.4079518310234441,1.1720079105917274
lasso,1,2,36,11,0.7018181818181818,0.6377049227861922,0.18527726691229846,0.5502231839984169,-0.2447751751693623,0.7250181262819623
lasso,1,3,36,10,0.8192307692307692,0.7313966342187757,0.14691789153078552,0.45938453467997675,0.16239977121026777,1.606865383112084
lasso,1,4,36,10,0.45769230769230773,0.3448549914256436,0.21874546653542815,0.6394870449890785,-0.8215441812049085,0.12875307354061652
lasso,1,5,36,10,0.5,0.2777777777777778,0.2007305719132327,0.5911203101164524,-0.028887830948126372,1.0260882866664196
lasso,2,1,37,11,0.4895104895104895,0.40546569063064664,0.23470276664652195,0.72220301004464,-0.82836065714928,0.023639826891529617
lasso,2,2,36,11,0.7054545454545454,0.5542701458100876,0.18978241811294486,0.5499534277466579,0.045952755515174096,0.9983941494727251
lasso,2,3,36,10,0.7730769230769231,0.6655285455285455,0.1633385343459386,0.5001424757500668,0.4816839716485675,1.8902351795600933
lasso,2,4,36,10,0.6653846153846154,0.3967226890756302,0.1977573098896232,0.5728873412567433,-0.39500418071939675,0.6566974287004759
lasso,2,5,36,10,0.7884615384615384,0.6617870843989769,0.15796692061265014,0.47815434499392256,0.3693109420388175,1.4780976420297987
lasso,3,1,37,11,0.7132867132867133,0.5056207857582529,0.18713701028190868,0.5496185586107952,0.10785494998969547,1.08435894005282
lasso,3,2,36,11,0.5636363636363636,0.3483893307493082,0.21666391799489718,0.6309014857383298,-0.5694556654358129,0.2434341057997019
lasso,3,3,36,10,0.6384615384615385,0.4292795798542702,0.19813347103509898,0.5937131595250673,-0.45843227737519626,0.47174631343885826
lasso,3,4,36,10,0.8153846153846154,0.7110372960372959,0.15430194186786506,0.47394283127506664,0.5337783437798842,1.7602373616278193
lasso,3,5,36,10,0.6807692307692308,0.6124420677361854,0.1918859558090569,0.572009879074601,-0.5112532595263108,0.5873997038561721
lasso,4,1,37,11,0.6643356643356644,0.5065869701985855,0.1953985294545932,0.5682520828378789,-0.08851818223012427,0.9509422400798084
lasso,4,2,36,11,0.6363636363636364,0.542917798056138,0.19860509883468405,0.5988561262447721,-0.22626360290266254,0.6027646565240192
lasso,4,3,36,10,0.5961538461538461,0.3244409430438842,0.23665851359595477,0.6573246923398944,-0.7721299460874187,0.22163329608948976
lasso,4,4,36,10,0.7192307692307692,0.6246956123586558,0.16363185151500378,0.5088988536225386,0.3541155438510771,1.32382005485407
lasso,4,5,36,10,0.5576923076923077,0.40036161302465645,0.2135105467808903,0.6399374812746309,-0.5751628201028082,0.2694855748397789
lasso,5,1,37,11,0.7307692307692307,0.6426173017416333,0.16918744123629595,0.5167104793733995,0.2403399124471789,1.1124367191311617
lasso,5,2,36,11,0.8109090909090909,0.5797011069738343,0.1791698415791825,0.5229976946291737,1.143334005026641,1.9935266423224516
lasso,5,3,36,10,0.5615384615384615,0.313908510571554,0.20896068019875363,0.5940058662454244,-0.47641025784819724,0.4539774821392475
lasso,5,4,36,10,0.7346153846153846,0.5377728858688611,0.1803643308002129,0.5450140644249001,-0.38840138490193277,0.8820892042494933
lasso,5,5,36,10,0.6692307692307693,0.6184218147336588,0.18428214064065668,0.5541797002285542,-0.3597215452689902,0.694280543687914
lasso,6,1,37,11,0.7237762237762237,0.5319302568314426,0.18868551174997034,0.5540288257953137,0.8878296473982744,1.4131703700631195
lasso,6,2,36,11,0.7454545454545454,0.6446958625347372,0.1740101930413105,0.5230105778510312,-0.08911922022107285,1.382879389612252
lasso,6,3,36,10,0.6153846153846154,0.38438350778908054,0.20763094131648055,0.6149307912179953,-0.5833609872686982,0.3528914530184622
lasso,6,4,36,10,0.5153846153846153,0.31942246970472776,0.2368482093048906,0.6759067132159176,-0.8539467554124693,0.10900433227524937
lasso,6,5,36,10,0.6307692307692307,0.4172046019947069,0.203117143271912,0.5825492309251542,-0.3470409461370944,0.539745040742668
lasso,7,1,37,11,0.4895104895104895,0.3925880504528263,0.20809897273513717,0.6064004517004448,0.4027881710996403,1.401201590193321
lasso,7,2,36,11,0.5672727272727273,0.4832948394890686,0.21420580872609618,0.6326886199256729,-0.35640504127951433,0.41676322294529605
lasso,7,3,36,10,0.5807692307692308,0.46102483481430845,0.19822883602331237,0.5895293299229017,-0.3635367205991496,0.5071456788909119
lasso,7,4,36,10,0.8346153846153846,0.7079030969030968,0.14173159897605583,0.4470456088877326,0.9274687297655798,2.1637799053621394
lasso,7,5,36,10,0.5884615384615385,0.3678583789293171,0.20737365784934964,0.59501415581611,-0.5521169596630653,0.48068589273629836
lasso,8,1,37,11,0.6783216783216783,0.4644449142320092,0.1926515626215353,0.5663933850080529,-0.1903287388627212,0.8419857521271883
lasso,8,2,36,11,0.509090909090909,0.47242220001837043,0.2230841294753729,0.667250797364378,-0.6042672446112551,0.20255570173500898
lasso,8,3,36,10,0.7,0.5571372213070506,0.17809443935999186,0.5321829869640688,-0.1717559482564816,0.838036191764152
lasso,8,4,36,10,0.7538461538461538,0.5175324866704177,0.17985853856891648,0.5352535011059945,0.2974832857222094,1.115070300633262
lasso,8,5,36,10,0.5423076923076924,0.37453688812047947,0.20675139424382333,0.6071083507109755,-0.6696068548543811,0.32796887724155666
lasso,9,1,37,11,0.6958041958041958,0.45888384675986194,0.19928101787937735,0.5721568993304775,-0.12385622229950341,0.6312757930961456
lasso,9,2,36,11,0.7345454545454545,0.5849404855713365,0.18311238861996262,0.5422942828429794,0.3765914520966541,1.3591785292930154
lasso,9,3,36,10,0.49230769230769234,0.3705253686944863,0.20654948979162244,0.6115096435055738,-0.822753057488228,0.13090008430083555
lasso,9,4,36,10,0.6576923076923078,0.5120406732117811,0.18723621948267288,0.5600842131858224,-0.22518648774552674,0.712610722854749
lasso,9,5,36,10,0.75,0.5697039519620164,0.1690875051583973,0.5130868380693185,-0.24636205813829948,1.0760817576914234
lasso,10,1,37,11,0.7902097902097902,0.6995495758614201,0.16657072428241537,0.5033738137329268,0.5315104117613328,1.5406778541119623
lasso,10,2,36,11,0.8072727272727273,0.7310638435638436,0.15687479639795393,0.47914008585028295,0.6042412547766449,1.488782774259488
lasso,10,3,36,10,0.6346153846153846,0.36751849409172066,0.19448273302157984,0.5715529616886201,-0.13707644734086818,1.0365318441832478
lasso,10,4,36,10,0.5461538461538461,0.3826076300609408,0.22065157516941764,0.6472166078157368,-0.757012709872693,0.19832768970282463
lasso,10,5,36,10,0.6923076923076923,0.4200493031872342,0.19413260519083664,0.5653677776189738,-0.11251803397294646,0.8042430131437788
ridge,1,1,37,11,0.7447552447552448,0.5965834818775996,0.18462813800871858,0.5457213230380888,0.3985762204271303,1.1487084109700234
ridge,1,2,36,11,0.6981818181818181,0.6422540773353467,0.18329621324641632,0.5482637543263882,-0.17540825880833547,0.7953940811734057
ridge,1,3,36,10,0.8307692307692308,0.7601845130066545,0.15013458901289703,0.46759148320985283,0.3768111820381613,1.869592323352963
ridge,1,4,36,10,0.4807692307692308,0.34527399802449565,0.21517706330760206,0.6260862005475487,-0.7479717978231961,0.20775733070029587
ridge,1,5,36,10,0.7615384615384615,0.5446859903381642,0.17853350556340145,0.5355408213247506,1.230961759534884,2.698092342418345
ridge,2,1,37,11,0.5244755244755245,0.4459904519288684,0.2185522889725399,0.6511609757695627,-0.6187812240084059,0.20192691636665444
ridge,2,2,36,11,0.7418181818181818,0.5657726331639376,0.18925519302041371,0.5552570661179161,0.6373837222107865,1.6360685139818774
ridge,2,3,36,10,0.7730769230769231,0.7143549783549783,0.16894071464680357,0.5170666411323522,1.0800194965144903,2.661063559012581
ridge,2,4,36,10,0.6807692307692308,0.4040567765567765,0.1905070621300297,0.5587314792745135,-0.1843628066467362,0.927195958746944
ridge,2,5,36,10,0.8076923076923077,0.671387272857861,0.1569102684968092,0.4731216562518115,0.31926729832481443,1.4300312166517521
ridge,3,1,37,11,0.7447552447552448,0.569108610091461,0.18467193333403215,0.5446761668375588,0.3416514228752632,1.3902150217734013
ridge,3,2,36,11,0.6254545454545455,0.4675554243736062,0.20382959169955017,0.5974067020200031,0.060722392368788916,0.9164562624804952
ridge,3,3,36,10,0.6653846153846155,0.4466224747474747,0.18816087320559927,0.5652428375786704,-0.2694840304865006,0.694902918656716
ridge,3,4,36,10,0.8038461538461539,0.7085850542372281,0.1572406783221096,0.48305919650303547,0.8715527464240442,2.1444938297836984
ridge,3,5,36,10,0.6653846153846155,0.6063966131907308,0.18624258848101036,0.5605838356044228,-0.41903630981216605,0.6984645564265336
ridge,4,1,37,11,0.7097902097902098,0.5482301223680535,0.18658349013641737,0.5472863699843706,0.05786996172764891,1.1405972178835866
ridge,4,2,36,11,0.6472727272727272,0.570487198352811,0.19833025800518558,0.5950322976978543,-0.15489702840707625,0.6711862906752932
ridge,4,3,36,10,0.6307692307692307,0.3495575004630732,0.217478852399634,0.6128694705303873,-0.6590887049979458,0.3722610045007102
ridge,4,4,36,10,0.7423076923076923,0.664577922077922,0.16234297538551187,0.5040167371891388,0.34447784861472525,1.3014090949686798
ridge,4,5,36,10,0.5384615384615385,0.406408864183632,0.21021926719328046,0.6271788233379517,-0.5662472522179991,0.29486505838640303
ridge,5,1,37,11,0.7237762237762237,0.6646071968652614,0.1686680895560185,0.5163316041242487,0.42759656448594935,1.3351727764724597
ridge,5,2,36,11,0.8218181818181818,0.6065751101636269,0.17953404492791603,0.5272954658595626,1.406397850739093,2.3782217099375904
ridge,5,3,36,10,0.6192307692307693,0.34558948700253045,0.1981207175461176,0.5664608981461781,-0.1790684655078374,0.7067735666736656
ridge,5,4,36,10,0.7384615384615385,0.6284325396825396,0.17672781618273448,0.5366028342245804,0.06144848147891791,1.4247744164412712
ridge,5,5,36,10,0.6615384615384615,0.5908835005574136,0.18147021599035995,0.546987952763961,-0.25249715422825997,0.8321266645122748
ridge,6,1,37,11,0.7307692307692308,0.5555566304578162,0.18885486847106678,0.5542651955091481,1.1761857482302467,1.7451482462143826
ridge,6,2,36,11,0.7454545454545454,0.643290405246927,0.17520269432366364,0.527250236879406,-0.00846570759085254,1.4745616129796446
ridge,6,3,36,10,0.7,0.4409879959222064,0.18930131390538618,0.5575121872825002,-0.22642566352208238,0.7556526085841301
ridge,6,4,36,10,0.5576923076923077,0.41516333675593964,0.21398154017838877,0.6199685842265727,-0.7012076981504815,0.2876473855014276
ridge,6,5,36,10,0.6576923076923077,0.44009992654048913,0.1994446149482053,0.5773579581347014,-0.2739042001452434,0.6165831797216433
ridge,7,1,37,11,0.7727272727272728,0.5697431177564316,0.17469798649762816,0.5213278719477199,0.9594729968706849,2.1922329997418304
ridge,7,2,36,11,0.5745454545454545,0.48377399604179794,0.2119006597303067,0.6244836168681049,-0.3263077566676285,0.45714393585530305
ridge,7,3,36,10,0.6076923076923076,0.4757334483616621,0.1927741286827794,0.5736638818102362,-0.20582626276141155,0.6877665503463707
ridge,7,4,36,10,0.8538461538461538,0.7475719932241671,0.142898487986123,0.4499540720386257,1.1842799230310126,2.507588599072444
ridge,7,5,36,10,0.6115384615384616,0.4019459083589518,0.19869567697609003,0.577232706281119,-0.42137590977683254,0.6637029971994273
ridge,8,1,37,11,0.6888111888111887,0.5050829406778604,0.19224140575440798,0.5616266007961709,-0.2582846106735116,0.8115304465544609
ridge,8,2,36,11,0.5127272727272727,0.39441816805220664,0.2263540520755799,0.6599145008697469,-0.655203758795841,0.18115063217263996
ridge,8,3,36,10,0.7115384615384616,0.6017382109606717,0.1774526466822093,0.5309624453411931,-0.06961529505580105,0.9577337227719833
ridge,8,4,36,10,0.8,0.5273717948717949,0.17216930084594306,0.5092834537410524,0.5199907871498064,1.3145071204962462
ridge,8,5,36,10,0.5923076923076923,0.3988838462019576,0.1993391615789417,0.58745861452647,-0.4813433251807683,0.5589673645659953
ridge,9,1,37,11,0.7097902097902098,0.4676741930892139,0.19305613124858317,0.5561222186280348,0.019737156143479314,0.7951951904949707
ridge,9,2,36,11,0.749090909090909,0.6114091113102971,0.18262518356981083,0.5424281199342841,0.6008360555049806,1.6325768829497014
ridge,9,3,36,10,0.6461538461538461,0.5330652950835506,0.18816675488855117,0.5648443979352563,-0.20766474592557901,0.8152334070084184
ridge,9,4,36,10,0.6807692307692308,0.5448950220820593,0.1846223345039841,0.5528840600934688,-0.18582942769165461,0.7478834932739296
ridge,9,5,36,10,0.7461538461538462,0.5953504828504828,0.16980521237902688,0.517164534911678,0.1266134414541216,1.5543693268052046
ridge,10,1,37,11,0.8146853146853147,0.7168082130997733,0.16322965926377606,0.49705454665694077,0.8047750234805768,1.9938887967138246
ridge,10,2,36,11,0.8072727272727274,0.7492554858934171,0.16246002260089798,0.4961667853417442,0.8425775187354816,1.7957516082875786
ridge,10,3,36,10,0.75,0.5069214400736141,0.17758489299738991,0.5330148451117457,0.6695157687689839,2.127852968785965
ridge,10,4,36,10,0.5384615384615384,0.37939910579616454,0.21895332104596965,0.6403626933655987,-0.7566595076820853,0.20257011143070497
ridge,10,5,36,10,0.6961538461538462,0.4084153836359719,0.19112480750302796,0.561796929969115,0.2748883293052865,1.2470714837873682
