bootstrap,C,apparent_AUC,test_AUC,optimism_AUC,apparent_AUPRC,test_AUPRC,optimism_AUPRC,apparent_Brier,test_Brier,optimism_Brier,apparent_Log loss,test_Log loss,optimism_Log loss
1,0.02,0.8220069863448713,0.7075134168157424,0.11449356952912892,0.6236479373037869,0.507515233559306,0.11613270374448093,0.16282671403762036,0.18659850571137604,-0.023771791673755677,0.4978954804993823,0.5540081439500227,-0.05611266345064042
2,0.1,0.7991949910554561,0.6927549194991055,0.1064400715563506,0.7067530109344968,0.5328413996548329,0.17391161127966392,0.15076040519706113,0.18047000449368228,-0.029709599296621148,0.46867397117186876,0.5406215397158505,-0.07194756854398171
3,0.05,0.8005111649179445,0.7289803220035778,0.07153084291436673,0.7477938942650139,0.5662745666289171,0.1815193276360968,0.17283689769556088,0.177781338468445,-0.004944440772884112,0.5243865801332098,0.5357513933138692,-0.011364813180659405
4,0.2,0.8294573643410852,0.7544722719141325,0.07498509242695273,0.6991024379242251,0.6106614131189013,0.08844102480532379,0.12652733599898283,0.16999442373113072,-0.043467087732147885,0.4056986106342735,0.5138560515131056,-0.10815744087883217
5,0.05,0.7927967337416156,0.7392665474060823,0.0535301863355333,0.7161340181438972,0.6021359053300441,0.11399811281385308,0.15982488969857467,0.17168112451565046,-0.01185623481707579,0.4957210267074256,0.5209026608037611,-0.025181634096335503
6,0.2,0.8393608074011775,0.7528324388789505,0.086528368522227,0.704893281102694,0.5661105305379281,0.13878275056476586,0.15325527609703102,0.17266042909144846,-0.019405152994417446,0.4669288592479559,0.5109057746781416,-0.04397691543018567
7,0.001,0.6760305343511451,0.6772510435301133,-0.0012205091789682099,0.4631250403087036,0.4943016539381281,-0.031176613629424477,0.19862164303242283,0.20344429279466927,-0.004822649762246445,0.5860874400269906,0.596433554343031,-0.010346114316040378
8,1.0,0.857976086322543,0.737030411449016,0.12094567487352692,0.7885748853149028,0.5648395625312711,0.22373532278363173,0.12809460125840302,0.18069991893354567,-0.05260531767514265,0.4102748954414875,0.542621680389098,-0.13234678494761049
9,0.02,0.79647124201167,0.6920095408467501,0.10446170116491982,0.6763042664035335,0.5115007378554821,0.16480352854805136,0.17877791496630907,0.18599053682457992,-0.007212621858270846,0.5389082246758817,0.5572613344096318,-0.01835310973375004
10,0.1,0.7655780780780781,0.7376267143709003,0.027951363707177768,0.4993089772221627,0.5170795421941663,-0.017770564972003577,0.13957652625538833,0.18370237671069956,-0.04412585045531123,0.43810582132292414,0.5415295299870272,-0.10342370866410305
11,0.002,0.7118219339622642,0.7182468694096602,-0.006424935447395974,0.5459154503095422,0.551365334307953,-0.005449883998410732,0.202807018291766,0.2006022432849407,0.0022047750068253102,0.5943285529013244,0.5896935838291094,0.004634969072214945
12,0.1,0.7865989202921563,0.7270423375074538,0.05955658278470244,0.5928771039287978,0.5311895269216955,0.06168757700710226,0.15329372453888887,0.17853597298457854,-0.025242248445689675,0.46904342200356325,0.5403969437977606,-0.07135352179419735
13,0.02,0.7410714285714285,0.7418008348240906,-0.000729406252662157,0.5177540695532833,0.5760173876693996,-0.05826331811611629,0.18029862513672737,0.18945704398323762,-0.009158418846510252,0.5410526985382661,0.5604160188886356,-0.019363320350369473
14,0.02,0.7596019063638912,0.7306201550387597,0.02898175132513159,0.6807617851383417,0.543452563581275,0.1373092215570667,0.1867393533742283,0.1836726304518622,0.003066722922366122,0.5569682344758041,0.548605821728086,0.008362412747718095
15,0.05,0.8080623755806238,0.7125819916517591,0.09548038392886471,0.6414276466015918,0.5568198746603397,0.08460777194125213,0.14273518479932357,0.1804356836615661,-0.037700498862242526,0.4461524472978382,0.5396180359692184,-0.09346558867138022
16,0.001,0.684640522875817,0.7371794871794872,-0.05253896430367022,0.4412685999728388,0.5051759897671205,-0.06390738979428173,0.18580627303202107,0.20492881585488412,-0.019122542822863048,0.5581388166590127,0.6000545962538307,-0.04191577959481807
17,0.1,0.8349146110056926,0.734943351222421,0.0999712597832716,0.7718081753182637,0.5521559924084383,0.21965218290982547,0.15763662975776738,0.1753537877592135,-0.01771715800144613,0.4852592407405039,0.5282341463239797,-0.042974905583475775
18,0.002,0.7092226613965744,0.6987179487179488,0.010504712678625627,0.6425766603343702,0.57765839273985,0.06491826759452024,0.22736517218021532,0.20620518281802788,0.021159989362187437,0.6467277280665668,0.6031179902256701,0.04360973784089661
19,0.05,0.7677165354330708,0.7265951103160406,0.04112142511703021,0.6320341818013506,0.5099257818444051,0.12210839995694556,0.17184632195666968,0.17939955550918243,-0.00755323355251275,0.5184331096003385,0.53375623139056,-0.01532312179022155
20,0.005,0.6706036745406824,0.7364341085271319,-0.0658304339864495,0.4992095783864056,0.5600331012057657,-0.06082352281936004,0.20382632664434508,0.19793076363287535,0.005895563011469734,0.5962579399440217,0.5834166038643877,0.012841336079634003
21,0.01,0.7091954022988506,0.6610017889087656,0.04819361339008499,0.48639890693155396,0.5350594418092773,-0.04866053487772337,0.15012527305221907,0.20373054624978246,-0.05360527319756339,0.47087021072313345,0.5985805912934173,-0.1277103805702839
22,0.01,0.6963358778625954,0.6891771019677997,0.007158775894795744,0.5709689581512838,0.47938426586246685,0.09158469228881694,0.1878901798359643,0.19489455850189294,-0.007004378665928651,0.5604684372536172,0.5752733652707358,-0.014804928017118635
23,0.002,0.7408701174976183,0.712283840190817,0.0285862773068013,0.5275688978168522,0.5159920005960387,0.011576897220813565,0.18875097016959566,0.20176720638226647,-0.013016236212670812,0.5637048973488992,0.5920173853710329,-0.02831248802213371
24,0.001,0.6412429378531073,0.6933512224209898,-0.052108284567882523,0.5613463173475381,0.5510794818385382,0.010266835508999983,0.2251668728606761,0.20645485593566965,0.01871201692500646,0.6423906134570131,0.603706890185182,0.038683723271831116
25,0.02,0.774386197743862,0.7225700655933214,0.051816132150540595,0.5824329817058195,0.543915593465219,0.03851738824060047,0.1595548774340717,0.18565613182973245,-0.026101254395660745,0.4911199691233499,0.5512135975233411,-0.06009362839999122
26,0.001,0.685309784132324,0.7076624925462135,-0.022352708413889477,0.5344816176942266,0.47993470816229034,0.054546909531936305,0.2159201197605764,0.20420107402633972,0.011719045734236683,0.6230046345757102,0.5984839913245744,0.024520643251135787
27,0.2,0.8129880270692348,0.7338998211091234,0.07908820596011135,0.7713161514497967,0.5024244443037458,0.26889170714605093,0.16542225440918876,0.18842368075129987,-0.02300142634211111,0.4977708060076137,0.5977935175887839,-0.10002271158117015
28,0.1,0.8188385662684079,0.7522361359570662,0.06660243031134172,0.7300529344289305,0.616484148684254,0.11356878574467644,0.15518755738794002,0.16823570414130093,-0.013048146753360912,0.4776718776052559,0.5100158959760475,-0.03234401837079154
29,0.1,0.7832645284217211,0.7343470483005368,0.048917480121184354,0.6644421564450302,0.5887495159622105,0.07569264048281976,0.15028195621314408,0.1740734329194536,-0.023791476706309517,0.4701313616108932,0.5241996316526317,-0.05406827004173853
30,0.1,0.8177489177489178,0.7412045319022063,0.07654438584671153,0.6670726746315877,0.579359767505964,0.08771290712562374,0.15908449933840962,0.17088875044545562,-0.011804251107045999,0.4833357500660875,0.5155636208302501,-0.032227870764162614
31,0.001,0.7141311069882499,0.7006559332140728,0.013475173774177063,0.5541773918541947,0.5341807852860151,0.019996606568179587,0.19527943276962131,0.20337083499883574,-0.008091402229214423,0.5785611586463817,0.5962111694773459,-0.01765001083096418
32,0.2,0.8145424836601308,0.7520870602265951,0.06245542343353572,0.7127838091377806,0.6126365993612639,0.1001472097765167,0.12995582185132096,0.16663901596210506,-0.036683194110784106,0.4194862068288222,0.5046063555170134,-0.08512014868819118
33,0.1,0.8270255116344266,0.7364341085271319,0.09059140310729474,0.7614862714096199,0.5922014977776513,0.1692847736319686,0.1525326695244929,0.17098171890385613,-0.01844904937936323,0.47349772051475003,0.5161921059205814,-0.04269438540583137
34,0.02,0.7508844339622641,0.7240608228980322,0.026823611064231923,0.5921155633792284,0.5397175567622111,0.05239800661701732,0.18194774669636662,0.1842201070361232,-0.002272360339756585,0.544750141645991,0.55050000025671,-0.005749858610718972
35,0.001,0.7232597623089984,0.7021466905187835,0.02111307179021482,0.5944256079401338,0.5336834791872097,0.06074212875292406,0.21312241242232766,0.20321976534462122,0.009902647077706439,0.61690928430861,0.5961797676163427,0.020729516692267302
36,0.05,0.7300275482093663,0.7262969588550984,0.0037305893542679547,0.6298779564017777,0.5056184617319837,0.12425949466979402,0.1897433175821577,0.1831388179598348,0.006604499622322901,0.5640338533754956,0.5487732897835409,0.015260563591954712
37,0.05,0.7989838043823437,0.7398628503279666,0.05912095405437712,0.6801371006080483,0.6171713010157553,0.06296579959229298,0.15208206478313666,0.17542066809521592,-0.023338603312079265,0.4721848233996875,0.5274247850984651,-0.05523996169877765
38,0.05,0.8102968460111317,0.7538759689922481,0.05642087701888365,0.647922909872098,0.5751872833754319,0.0727356264966661,0.15775921238881382,0.1735497398013387,-0.015790527412524874,0.48538029381399295,0.5235389534804876,-0.038158659666494676
39,0.05,0.7987786259541985,0.7349433512224209,0.06383527473177752,0.61312784689369,0.582127998620715,0.030999848272975083,0.16230103561814954,0.1756269939292138,-0.013325958311064257,0.4907278121965926,0.527099167115551,-0.03637135491895843
40,0.05,0.7857142857142857,0.7522361359570663,0.03347814975721941,0.7191676244057177,0.6261446918454531,0.09302293256026462,0.17937094249459076,0.17323062161521516,0.006140320879375605,0.5384607070623454,0.5248703922648045,0.013590314797540914
41,0.1,0.7860780984719864,0.7419499105545617,0.04412818791742468,0.6941899859947311,0.5743740065978941,0.11981597939683708,0.16712306763060072,0.17195212680931393,-0.0048290591787132076,0.5051158623104952,0.518188401134736,-0.013072538824240754
42,0.005,0.7227299528301887,0.7213774597495528,0.001352493080635897,0.5641893071984767,0.5691286115271972,-0.004939304328720473,0.19841926840143828,0.19623610908199207,0.0021831593194462096,0.5838640952542328,0.5792981728137382,0.004565922440494585
43,0.2,0.7825766509433962,0.7416517590936196,0.04092489184977666,0.6378076904704294,0.5544104472299405,0.08339724324048892,0.16280357548798396,0.17200343721938982,-0.009199861731405856,0.49243927158903317,0.5140514388877975,-0.021612167298764307
44,0.1,0.8035460992907801,0.7514907573047108,0.052055341986069315,0.6051311907267922,0.5820404362711941,0.02309075445559816,0.135790046622438,0.1740268988377085,-0.03823685221527051,0.4240322933732338,0.5186184299354374,-0.0945861365622036
45,0.1,0.7349924585218703,0.716159809183065,0.018832649338805352,0.5749173134065458,0.4859792682846652,0.08893804512188064,0.17217235602358627,0.18354898319125149,-0.011376627167665215,0.518822996176253,0.5470104534379554,-0.028187457261702353
46,0.05,0.7907291949037679,0.7289803220035779,0.061748872900190044,0.6684768094275747,0.5488658918349798,0.1196109175925949,0.1828897216721165,0.18008797583118755,0.0028017458409289597,0.5424260172977386,0.5395525730513319,0.0028734442464067866
47,0.01,0.8174045801526717,0.7453786523553965,0.07202592779727524,0.614815918168898,0.5512468347986679,0.06356908337023015,0.18007261569070407,0.18835590690287393,-0.008283291212169863,0.5399554132818754,0.5588842371367094,-0.018928823854834076
48,0.02,0.7600452744765138,0.6984197972570065,0.061625477219507285,0.5737524288296485,0.4654308589583612,0.10832156987128727,0.18960176712012608,0.18958605289224656,1.5714227879520815e-05,0.5602650825982008,0.5622492334255648,-0.0019841508273639175
49,0.05,0.7844274809160305,0.7517889087656529,0.03263857215037769,0.5977980388802195,0.5989498552644927,-0.0011518163842731965,0.16563887156379728,0.1726643265993803,-0.0070254550355830225,0.5015073822651903,0.520455486150004,-0.018948103884813716
50,0.1,0.8463203463203464,0.7580500894454383,0.08827025687490808,0.6966801036592148,0.5726363147162279,0.12404378894298695,0.15112576386461832,0.1701228279725679,-0.018997064107949574,0.4618091806187238,0.5084093884193892,-0.04660020780066543
51,0.1,0.8162321278385197,0.746273106738223,0.06995902110029673,0.7373568315639412,0.550121713099288,0.18723511846465313,0.1564743802677813,0.1755870633314701,-0.019112683063688796,0.4820979764311335,0.5289556489993515,-0.046857672568218045
52,0.1,0.8387284922717994,0.7042337507453786,0.1344947415264207,0.761865458536686,0.5579240816569561,0.2039413768797299,0.14212242665704852,0.17703986793684437,-0.03491744127979585,0.44785756911996427,0.5368358561783636,-0.08897828705839933
53,0.1,0.7711864406779662,0.7233154442456768,0.047870996432289314,0.590092709544888,0.537399904461739,0.052692805083149,0.18684849857042998,0.17813698545775442,0.008711513112675567,0.5477154013538442,0.5308994349691575,0.016815966384686742
54,0.02,0.7222959522229595,0.6999105545617174,0.022385397661242146,0.5829517749483782,0.5489083924973504,0.03404338245102789,0.16396147476314038,0.18972753577275903,-0.025766061009618646,0.5040132320016741,0.5614281344786564,-0.05741490247698222
55,0.2,0.8136982065553494,0.757453786523554,0.05624442003179542,0.7006073904402034,0.6116641050030653,0.08894328543713803,0.1427499466035534,0.1676198610840302,-0.024869914480476818,0.4466629338754221,0.5075278258484456,-0.06086489197302347
56,0.1,0.7669887278582931,0.7341979725700657,0.03279075528822739,0.5503323370013841,0.5712447736070665,-0.020912436605682427,0.156950295960174,0.1744224101564228,-0.017472114196248778,0.477986569589577,0.5232074804753384,-0.045220910885761356
57,0.02,0.776843285674236,0.7130292188431724,0.06381406683106361,0.6899912857440168,0.5497056478312959,0.14028563791272086,0.18104696059330344,0.18158141957071927,-0.0005344589774158304,0.5435128514139616,0.5454883338735719,-0.0019754824596103226
58,0.1,0.8254285714285714,0.7337507453786524,0.09167782604991903,0.7548331716419397,0.5860625479011887,0.16877062374075102,0.14882494885444672,0.17047242987097683,-0.021647481016530107,0.4678325172908001,0.5201585184218241,-0.052326001131024036
59,0.01,0.7789312977099238,0.7139236732259988,0.06500762448392494,0.5560283557128961,0.5036216162222608,0.052406739490635346,0.18266744385335298,0.1911781091492452,-0.008510665295892228,0.5467884303704995,0.5665716116368799,-0.019783181266380345
60,0.05,0.7531914893617021,0.736881335718545,0.016310153643157133,0.5530307172273821,0.5911017662643498,-0.038071049036967786,0.15091407592729855,0.18356669076187707,-0.032652614834578514,0.4693740944737107,0.5462707506629828,-0.0768966561892721
61,0.05,0.7737238780404248,0.7322599880739415,0.0414638899664832,0.6175075863252539,0.5733878457107586,0.044119740614495306,0.1448644682588101,0.1785647619541148,-0.033700293695304695,0.45651976519100135,0.5344990061314736,-0.07797924094047226
62,0.001,0.7205673758865249,0.6736732259988074,0.04689414988771745,0.4678836778720348,0.5209320548691782,-0.053048376997143376,0.17085631331262052,0.2077871397767193,-0.03693082646409879,0.5244062123392038,0.6077683375113545,-0.08336212517215069
63,0.1,0.737874964956546,0.7322599880739415,0.005614976882604483,0.6522978590762134,0.581569069131725,0.07072878994448839,0.18045038186160978,0.17350594507106545,0.006944436790544323,0.5425595762794494,0.5246480243238902,0.017911551955559157
64,0.2,0.7660936973373778,0.7510435301132976,0.015050167224080147,0.6223289686135827,0.5722233788580563,0.05010558975552637,0.14375908314825894,0.17280266426308058,-0.029043581114821637,0.4510892885963265,0.5163347737689146,-0.06524548517258805
65,0.05,0.8337404580152671,0.6964818127608826,0.13725864525438447,0.7392572325008762,0.5603960529325925,0.17886117956828362,0.14087009075027707,0.17968507792453067,-0.03881498717425361,0.44635244067663016,0.5416713146611869,-0.09531887398455674
66,0.2,0.8385885885885886,0.727489564698867,0.1110990238897216,0.624006062294751,0.576003661631329,0.048002400663421985,0.11938010885553064,0.17756623175343852,-0.05818612289790788,0.37797061198251225,0.5404491846831482,-0.16247857270063593
67,0.05,0.7998102466793169,0.7513416815742396,0.048468565105077244,0.7458627671117724,0.5988754989666585,0.14698726814511387,0.17085441791036238,0.1724348110537664,-0.0015803931434040241,0.5191608462946916,0.5207276487013011,-0.0015668024066094466
68,0.05,0.7962857142857143,0.7231663685152058,0.07311934577050849,0.6894868955378602,0.5660944102863363,0.12339248525152391,0.16582507903788446,0.17765473228078427,-0.011829653242899807,0.5077756589371294,0.5339415801750557,-0.02616592123792627
69,0.02,0.7242748091603054,0.6982707215265355,0.026004087633769934,0.5656107423151493,0.5005464893102433,0.06506425300490604,0.1793777627594931,0.18677962321226452,-0.007401860452771414,0.5391422483485909,0.556375165673794,-0.017232917325203045
70,0.1,0.7828571428571428,0.7447823494335122,0.038074793423630626,0.6717432693292289,0.5491334396721315,0.12260982965709744,0.16839116093635728,0.1760383717967917,-0.007647210860434406,0.5093346215285744,0.5288353292677774,-0.019500707739202983
71,0.05,0.7846320346320347,0.7564102564102564,0.028221778221778293,0.6395320042304014,0.5930866415128592,0.04644536271754218,0.16052815846076873,0.17146462527452572,-0.010936466813756984,0.49167243396298294,0.5173314669060618,-0.025659032943078863
72,0.05,0.8134328358208956,0.7279367918902803,0.08549604393061538,0.7024491293188904,0.5536565442348185,0.1487925850840719,0.14540213224185722,0.17678332597290589,-0.03138119373104867,0.4571114686619383,0.5306104721144667,-0.07349900345252836
73,0.05,0.807890499194847,0.7418008348240906,0.06608966437075636,0.6099716363759247,0.5739049626070966,0.036066673768828106,0.15302923859554524,0.1769510291481844,-0.023921790552639155,0.4697345708106569,0.5295546342155618,-0.05982006340490492
74,0.5,0.8248587570621468,0.7262969588550984,0.09856179820704847,0.7758891053071268,0.4974028534785581,0.27848625182856873,0.15606660812552317,0.19033198758208772,-0.03426537945656455,0.4754605898553422,0.6008536052257362,-0.125393015370394
75,0.05,0.7794068082237952,0.7197376267143709,0.05966918150942424,0.5601081495705541,0.5404019210839901,0.019706228486564004,0.15191622726815285,0.18321023969640693,-0.03129401242825408,0.46822963895498293,0.5447591342503438,-0.0765294952953609
76,0.5,0.8186725944744363,0.7523852116875372,0.06628738278689905,0.6401894219656081,0.6116935110215268,0.028495910944081326,0.14399302921479526,0.16784967143033913,-0.023856642215543872,0.436784365218334,0.5113463698859957,-0.07456200466766166
77,0.02,0.7722431077694236,0.7364341085271319,0.03580899924229175,0.5198190786893923,0.5321816031501984,-0.012362524460806101,0.17532903858571808,0.18549964268831615,-0.010170604102598069,0.5280746244448576,0.5516337744146897,-0.023559149969832105
78,0.1,0.7396413110698825,0.7228682170542635,0.016773094015618994,0.6271400008053873,0.543929285652237,0.08321071515315037,0.16226585939845867,0.17756002383775088,-0.015294164439292213,0.49690082104007166,0.53112355335998,-0.0342227323199083
79,0.002,0.7492629716981132,0.7373285629099583,0.011934408788154882,0.5533271053293668,0.5651235266354858,-0.01179642130611902,0.2031652844380072,0.20066215418540131,0.002503130252605873,0.5952537414077389,0.5898671632800929,0.00538657812764598
80,0.02,0.7620260328239954,0.7307692307692307,0.031256802054764665,0.6819939860000526,0.5975533188598533,0.08444066714019927,0.1846845293689434,0.18181136381125457,0.0028731655576888226,0.5526625517003748,0.5470991850097876,0.0055633666905872126
81,0.1,0.8474955277280859,0.7528324388789505,0.09466308884913543,0.7325919769709186,0.6008755313162719,0.13171644565464669,0.14371047023871322,0.16872848256230827,-0.025018012323595046,0.4423770613963578,0.5077811904577776,-0.06540412906141979
82,0.1,0.8194570135746606,0.7301729278473464,0.08928408572731417,0.6890932232745494,0.5739202505903925,0.11517297268415683,0.14922625065574235,0.17200231438662342,-0.022776063730881063,0.460993920457974,0.5195889686743573,-0.05859504821638334
83,0.01,0.7647058823529412,0.7097495527728086,0.054956329580132635,0.6414227813142015,0.5716833051718693,0.06973947614233222,0.18278953698418243,0.18977373067208458,-0.0069841936879021516,0.5479746652739679,0.5639477538381906,-0.015973088564222748
84,0.05,0.8389694041867956,0.7270423375074537,0.11192706667934182,0.6700139331474513,0.5786457950381868,0.09136813810926447,0.14539470514787772,0.17670263794874227,-0.03130793280086455,0.45122095121562084,0.5309169187244044,-0.07969596750878355
85,0.05,0.7937950937950938,0.7377757901013715,0.05601930369372232,0.6782231486885559,0.5929882080877431,0.08523494060081283,0.16889253147714736,0.17368418101211527,-0.004791649534967912,0.5111018738294772,0.5231912570520804,-0.012089383222603112
86,0.02,0.7485714285714286,0.6909660107334525,0.057605417837976014,0.6183343105270837,0.5322650549462548,0.0860692555808289,0.18558640753895134,0.18712332439895293,-0.001536916860001597,0.5500184185138787,0.5574428838906291,-0.007424465376750455
87,0.1,0.7497584541062802,0.7434406678592725,0.0063177862470076285,0.574064265499682,0.5875138689333828,-0.013449603433700719,0.158807308661377,0.17431132224333604,-0.015504013581959047,0.4864027091244607,0.5230847560241036,-0.03668204689964294
88,0.1,0.8179979777553082,0.734943351222421,0.0830546265328872,0.680686988525247,0.588573021065781,0.09211396745946598,0.13313098006381,0.17415383709697335,-0.04102285703316336,0.4232039583809128,0.5249912501869781,-0.10178729180606533
89,0.02,0.7706695581458389,0.7303220035778175,0.040347554568021415,0.6987944802048178,0.5820887602713083,0.11670571993350953,0.19078349377724085,0.18189639055970455,0.008887103217536302,0.5657017623816211,0.5471694259156739,0.018532336465947208
90,0.1,0.8277299249791609,0.7477638640429338,0.07996606093622705,0.7291228554278189,0.588904113425867,0.14021874200195183,0.15889190722199328,0.16974600258561015,-0.010854095363616867,0.48878866373616625,0.5123089138868443,-0.023520250150678046
91,0.05,0.7967275943396226,0.7610316040548599,0.03569599028476267,0.6160770712708015,0.5742478581016532,0.04182921316914823,0.16983258852105998,0.17383508365582262,-0.00400249513476264,0.5136712891785827,0.521919843707356,-0.008248554528773266
92,0.1,0.8008658008658008,0.7391174716756113,0.06174832919018958,0.6834435007019579,0.5991434708880361,0.08430002981392182,0.1487173839123289,0.17081229910695953,-0.022094915194630638,0.4617064711111144,0.5188114703062198,-0.057104999195105366
93,0.001,0.6649867374005305,0.7340488968395945,-0.06906215943906402,0.594077582461768,0.5724850598448781,0.02159252261688993,0.2281172366993714,0.2077313405371226,0.020385896162248784,0.6484896179658088,0.6065644187410857,0.04192519922472315
94,0.05,0.8127977135598603,0.7409063804412642,0.07189133311859608,0.6757392302674954,0.6161018067765707,0.05963742349092471,0.15014113507609647,0.17346714649504585,-0.023326011418949383,0.4647225844411499,0.5240188927349682,-0.05929630829381827
95,0.1,0.7668571428571428,0.7452295766249255,0.021627566232217288,0.6738960131790799,0.5880557761219576,0.08584023705712229,0.16955303616599965,0.17225748900548418,-0.0027044528394845335,0.5152002640445907,0.5198664797969512,-0.004666215752360481
96,0.01,0.7165912518853694,0.7003577817531307,0.016233470132238748,0.5161499429449637,0.4751846136157034,0.040965329329260336,0.18918110656870435,0.1937030846381142,-0.004521978069409849,0.5616255993025087,0.5718178805911489,-0.010192281288640248
97,0.1,0.8125541125541126,0.7364341085271318,0.07612000402698083,0.7041151352464868,0.5993175826826859,0.10479755256380097,0.15694681642755157,0.17378857266530642,-0.016841756237754857,0.47923846361219524,0.5197409027124855,-0.04050243910029028
98,0.1,0.8586762075134168,0.73479427549195,0.1238819320214668,0.7625435223415092,0.5905098584182589,0.17203366392325037,0.1358028983375987,0.1722133666684639,-0.0364104683308652,0.42836089445572517,0.5206250326022973,-0.09226413814657214
99,0.05,0.8145321831453218,0.7398628503279665,0.07466933281735533,0.6761577797520855,0.5939142799725842,0.0822434997795013,0.14360539048837762,0.17731354460372975,-0.033708154115352135,0.4511409749097278,0.5322488386434923,-0.08110786373376444
100,0.02,0.7911764705882354,0.7338998211091234,0.05727664947911193,0.6364747614121681,0.5659515288216367,0.07052323259053139,0.16012286475342044,0.184536697302392,-0.02441383254897156,0.492573145703944,0.54859898242966,-0.05602583672571598
101,0.2,0.821522309711286,0.7507453786523554,0.07077693105893068,0.7140851559793293,0.6018327376465997,0.11225241833272959,0.15222687932948017,0.16956848960854645,-0.017341610279066277,0.4661789129577085,0.5110195098901684,-0.0448405969324599
102,0.02,0.7529860650298607,0.7040846750149076,0.04890139001495308,0.608111187358703,0.5726548137856913,0.03545637357301168,0.1626685681124999,0.1875795201920973,-0.024910952079597398,0.4998921009057303,0.5566280757922879,-0.05673597488655763
103,0.005,0.7260358688930116,0.7592426952892068,-0.03320682639619521,0.5200127113477616,0.5753446752690969,-0.055331963921335325,0.19057705406225048,0.19655614946801922,-0.005979095405768742,0.5666591085174308,0.5793337055391289,-0.012674597021698042
104,0.05,0.7405737704918032,0.7243589743589743,0.016214796132828835,0.6133571070431265,0.5704886013298981,0.04286850571322842,0.18980179689229912,0.1794501566839916,0.010351640208307505,0.5595480828786845,0.5394812290987016,0.020066853779982963
105,0.02,0.7814814814814814,0.7470184853905785,0.034462996090902975,0.5826590821155349,0.5913571199498936,-0.00869803783435874,0.16547616720113006,0.18117675565662725,-0.015700588455497183,0.505037504221693,0.5405075440956932,-0.035470039874000214
106,0.1,0.7774381772714644,0.7227191413237926,0.0547190359476718,0.6753781079646092,0.6115971165785039,0.06378099138610527,0.17135620346868877,0.17297913449348484,-0.001622931024796076,0.5159142167345923,0.5269811778815457,-0.011066961146953491
107,0.05,0.7743219339622641,0.74448419797257,0.02983773598969408,0.5915562629197242,0.5694319313395544,0.022124331580169798,0.17314789953019855,0.17499437452437544,-0.0018464749941768943,0.5207053666891669,0.5264756603122488,-0.005770293623081901
108,0.1,0.8352857142857142,0.7546213476446034,0.08066436664111076,0.7428561643868444,0.6010493580262671,0.1418068063605773,0.14960124027253166,0.16765951322780265,-0.018058272955270988,0.46481572380668984,0.5068200137581308,-0.042004289951440954
109,0.1,0.7651386530843237,0.7377757901013715,0.027362862982952207,0.6845714314968507,0.5903564548824071,0.09421497661444367,0.16883167297712068,0.17161204354450033,-0.0027803705673796475,0.512705171741907,0.5195894319189378,-0.00688426017703081
110,0.2,0.8683640303358614,0.7471675611210494,0.12119646921481197,0.743033754459649,0.5955887967047127,0.14744495775493638,0.1043087247113056,0.1735943891471669,-0.0692856644358613,0.3449386337415402,0.5263582946510362,-0.18141966090949602
111,0.05,0.7888982338099244,0.74448419797257,0.04441403583735437,0.7253831984193749,0.6154808807554436,0.10990231766393133,0.1714043563661195,0.1729708699556074,-0.0015665135894878945,0.5209506316445692,0.5225275347726424,-0.001576903128073126
112,0.1,0.8117120106171202,0.7379248658318425,0.0737871447852777,0.6304950013017695,0.5675758234414856,0.06291917786028389,0.13878033455073052,0.17274483797832027,-0.03396450342758975,0.43487974532111123,0.5190076768570034,-0.08412793153589221
113,0.05,0.7782106782106782,0.7024448419797258,0.07576583623095245,0.6651204460552459,0.5665107131852604,0.09860973286998553,0.17153887343875956,0.17957559528722356,-0.00803672184846399,0.5183337212857009,0.5392627245714229,-0.020929003285722003
114,0.02,0.7467203339296363,0.7353905784138342,0.011329755515802176,0.5734410592457732,0.5788860627586239,-0.00544500351285071,0.1825191652670017,0.18305542633361865,-0.0005362610666169443,0.5447091335991672,0.5470186642210785,-0.0023095306219113043
115,0.1,0.7880844645550528,0.7286821705426356,0.059402294012417145,0.6300543795278282,0.5448939798945439,0.08516039963328426,0.16259284344210723,0.1754173967031668,-0.01282455326105958,0.49259888918717537,0.5217528911629498,-0.02915400197577439
116,0.2,0.8565162907268171,0.7340488968395946,0.1224673938872225,0.6990888696886758,0.547809079629834,0.15127979005884173,0.13400173315751562,0.1755723500612091,-0.041570616903693486,0.4153792338990786,0.5234843600680619,-0.10810512616898327
117,0.05,0.7961504811898513,0.7154144305307096,0.08073605065914169,0.6745344782569268,0.5661871883386076,0.10834728991831921,0.1643773001455627,0.17867950700073743,-0.01430220685517472,0.4983252433270313,0.5350559482249005,-0.036730704897869226
118,0.2,0.8011437908496732,0.7447823494335123,0.05636144141616095,0.6543460319232371,0.6037147135933899,0.05063131832984724,0.13874554265183298,0.1688198000480359,-0.030074257396202925,0.43316788673456774,0.5107761444724767,-0.07760825773790891
119,0.1,0.7893790849673202,0.7441860465116279,0.045193038455692336,0.6652485851856251,0.5717207600548802,0.09352782513074498,0.1455072029393643,0.1746997654626862,-0.02919256252332189,0.45462616620592794,0.521535616773619,-0.0669094505676911
120,0.1,0.7987603305785124,0.7438878950506859,0.0548724355278265,0.7076748180677764,0.6120802567534465,0.09559456131432997,0.16770570083013372,0.16998363983792852,-0.002277939007794799,0.5066579295049609,0.5155820932591826,-0.00892416375422167
121,0.2,0.8645341981132075,0.7249552772808586,0.1395789208323489,0.7864950250604275,0.5617115552791517,0.22478346978127572,0.12896235270019116,0.17477584716492608,-0.04581349446473493,0.412403734680243,0.537140543258214,-0.12473680857797104
122,0.1,0.7704081632653061,0.7337507453786524,0.036657417886653776,0.64324239201286,0.5735718030849171,0.06967058892794298,0.15938723098847543,0.1738671881542928,-0.014479957165817375,0.48795583911453566,0.5209714687924777,-0.03301562967794203
123,0.05,0.7505898213683856,0.7502981514609421,0.0002916699074434481,0.45593216022474664,0.5496803661214295,-0.09374820589668281,0.16207505454506965,0.1809523107235373,-0.01887725617846764,0.494346146524181,0.537249831885789,-0.04290368536160799
124,0.05,0.7608941709111489,0.725402504472272,0.03549166643887691,0.6490601613853813,0.5479659459115159,0.10109421547386532,0.17592769328661312,0.17867196745800917,-0.002744274171396055,0.5266187434130132,0.5360247816360812,-0.00940603822306807
125,0.05,0.8102189781021898,0.7412045319022063,0.06901444619998354,0.6350187621470262,0.610825716398267,0.024193045748759245,0.14613395846060212,0.1732015870904597,-0.027067628629857593,0.45412369891416776,0.5228962339033987,-0.06877253498923092
126,0.02,0.7592426952892068,0.7321109123434705,0.02713178294573637,0.5920676433377368,0.5512987741559963,0.0407688691817405,0.18035290088216877,0.18343112073408527,-0.0030782198519165027,0.5420256295688731,0.5491011756318369,-0.007075546062963789
127,0.05,0.7913623372499206,0.750298151460942,0.041064185788978524,0.6231683715787248,0.6004621729628509,0.022706198615873974,0.15749162584802115,0.1738468565587119,-0.016355230710690755,0.48183948497036205,0.5226878141547696,-0.04084832918440756
128,0.01,0.7917043740573152,0.7276386404293381,0.06406573362797707,0.6166557736590913,0.5320118323973418,0.08464394126174946,0.18297939324810455,0.1897200571050243,-0.0067406638569197375,0.5474284544206623,0.5629817036691657,-0.01555324924850332
129,0.005,0.7451441102756893,0.7182468694096601,0.026897240866029182,0.6155328979008978,0.5746524779173852,0.04088041998351266,0.1861501583766964,0.19686240899801596,-0.010712250621319558,0.5564885181918249,0.5798375784710251,-0.02334906027920025
130,0.5,0.8756843800322061,0.7268932617769828,0.1487911182552233,0.7402797536145389,0.5836901471188122,0.15658960649572673,0.11705304858431209,0.1774992747237497,-0.06044622613943762,0.36399203894711296,0.5576322257067772,-0.1936401867596642
131,0.05,0.7355957767722473,0.7426952892069171,-0.007099512434669775,0.6071043885780156,0.5952961340776239,0.01180825450039169,0.17158918736909137,0.17597806922031226,-0.004388881851220883,0.5209233946703453,0.5294200301409454,-0.008496635470600089
132,0.05,0.8165912518853696,0.7112403100775194,0.1053509418078502,0.6697850993917072,0.5514060499037368,0.1183790494879704,0.15590489915740535,0.17979666041749257,-0.023891761260087213,0.48241780698642717,0.5397401238802926,-0.05732231689386541
133,0.1,0.7553278688524591,0.7477638640429338,0.007564004809525238,0.6768205142802232,0.6104048525050598,0.06641566177516334,0.17845876990496262,0.1704152790399752,0.00804349086498743,0.5388661848430162,0.5176500269031314,0.02121615793988474
134,0.05,0.8267740011926058,0.7389683959451403,0.0878056052474655,0.7028561118622937,0.5988523893243767,0.10400372253791701,0.15483715584110236,0.17217861366094867,-0.017341457819846307,0.47665410464803815,0.5213899075096372,-0.04473580286159906
135,0.05,0.8205128205128205,0.7286821705426356,0.09183064997018486,0.7078325504260443,0.5716854253087842,0.13614712511726013,0.1533459172734107,0.17347643471562296,-0.020130517442212253,0.4729740028603284,0.5252484320245024,-0.05227442916417402
136,0.1,0.7852504638218923,0.7209302325581395,0.06432023126375286,0.6315382573843991,0.5621209161819416,0.06941734120245746,0.15766185717547365,0.17561316100837773,-0.01795130383290408,0.48438423809828735,0.5265511536438332,-0.04216691554554586
137,0.02,0.7860655737704918,0.7177996422182468,0.06826593155224503,0.7158200923922384,0.5657156780574464,0.15010441433479205,0.18377997269929852,0.18169854266263077,0.0020814300366677474,0.5505305060978216,0.5464318169809148,0.004098689116906806
138,0.02,0.7662907268170426,0.7277877161598092,0.03850301065723338,0.5896533318671502,0.5626609128445645,0.026992419022585645,0.17013738655942734,0.18349719618574237,-0.013359809626315028,0.5157664457043016,0.5473156713174953,-0.03154922561319362
139,0.05,0.8127608825283245,0.7315146094215862,0.08124627310673826,0.7225728113090711,0.5523528176894715,0.1702199936195996,0.15105805625632038,0.17544659465753465,-0.02438853840121427,0.47348056691901225,0.5268471882549759,-0.05336662133596365
140,0.2,0.8248366013071896,0.7336016696481812,0.09123493165900842,0.6587786589879607,0.576971157602346,0.08180750138561477,0.1378019592430981,0.17392886463396745,-0.03612690539086935,0.42616844775214247,0.5298100264019266,-0.10364157864978418
141,0.1,0.8032134433962264,0.6975253428741801,0.10568810052204625,0.7060040976811709,0.4572827230196358,0.2487213746615351,0.15369013642875795,0.18914366105528843,-0.03545352462653048,0.47993434169155613,0.5647868236823076,-0.08485248199075146
142,0.05,0.8051282051282052,0.7169051878354203,0.08822301729278481,0.6325379080282633,0.5339411701212997,0.09859673790696355,0.1591573838378418,0.17775527635298055,-0.018597892515138742,0.4884588569780597,0.5327257840066086,-0.04426692702854895
143,0.05,0.7838589981447124,0.7262969588550985,0.0575620392896139,0.6436874340282455,0.5767482616436599,0.06693917238458558,0.1609585416141958,0.1765166177624452,-0.015558076148249417,0.4926372928527306,0.5314597619461421,-0.03882246909341147
144,0.05,0.7766339869281046,0.6733750745378652,0.10325891239023943,0.6479302858052762,0.5476809063527114,0.10024937945256485,0.15153074798339958,0.18625084553288837,-0.03472009754948879,0.4703101701428959,0.5633327302918041,-0.0930225601489082
145,0.001,0.7186408383613846,0.7483601669648181,-0.029719328603433515,0.5704023373010497,0.579807142654883,-0.009404805353833257,0.1908427740528383,0.2040730104971485,-0.013230236444310178,0.5691081765169919,0.5979128131711476,-0.02880463665415578
146,0.1,0.7965367965367965,0.7409063804412642,0.05563041609553232,0.6436572147104785,0.5269440516757884,0.11671316303469015,0.1513792231603731,0.1752808035761754,-0.023901580415802287,0.46592263965348446,0.5253286390821869,-0.059405999428702394
147,0.05,0.8285169895204827,0.7423971377459749,0.08611985177450776,0.6863634054666098,0.5990911530293335,0.08727225243727632,0.14298658398588798,0.1740540598223893,-0.031067475836501324,0.44834257195196836,0.524543300797336,-0.07620072884536766
148,0.05,0.7696969696969697,0.7258497316636852,0.0438472380332845,0.6581941624335207,0.5646039871229662,0.09359017531055447,0.17093722690924623,0.17717831754412325,-0.006241090634877017,0.5187278123940051,0.5339564209920364,-0.015228608598031323
149,0.01,0.7245644599303136,0.7136255217650567,0.010938938165256928,0.5186554691850048,0.5132840360750264,0.005371433109978452,0.16481590785605532,0.19745170499108097,-0.03263579713502565,0.5063549767995263,0.5796262985191918,-0.07327132171966544
150,0.05,0.7903995229576625,0.74448419797257,0.04591532498509243,0.5826050765533103,0.5576578440038533,0.024947232549456966,0.1686868271553202,0.17458498075259063,-0.005898153597270417,0.5078944619473185,0.5246418579823843,-0.01674739603506581
151,0.05,0.7949106841927874,0.6827668455575433,0.11214383863524413,0.6759683409289907,0.5413915998823322,0.1345767410466585,0.1405825979190546,0.18442549071742734,-0.04384289279837272,0.44755409735397833,0.5598458774016337,-0.11229178004765539
152,0.05,0.7875516036837091,0.7535778175313059,0.03397378615240321,0.6412171309441056,0.6098928229114817,0.03132430803262387,0.1553243823810194,0.1722619678652042,-0.01693758548418481,0.4794294549530796,0.5197959118260993,-0.04036645687301971
153,0.02,0.764907573047108,0.6881335718545021,0.07677400119260591,0.5825619760697521,0.543070280032507,0.039491696037245116,0.17766893361687133,0.18513812077744962,-0.007469187160578289,0.5324166668649063,0.5535271019832221,-0.021110435118315785
154,0.002,0.6682442748091603,0.6697972570065595,-0.0015529821973991886,0.49371365131154477,0.5317369283525277,-0.03802327704098296,0.1975899677077249,0.20231540735972534,-0.004725439652000424,0.5835344967530057,0.5936314902026986,-0.010096993449692837
155,0.05,0.7510318396226415,0.7377757901013714,0.01325604952127013,0.6194447443078736,0.5775951527164647,0.041849591591408886,0.17224146888523656,0.175338167099787,-0.003096698214550442,0.5208950857436562,0.5284442553633008,-0.00754916961964458
156,0.01,0.7249597423510468,0.7377757901013714,-0.012816047750324633,0.5521492542482356,0.5919600022902786,-0.03981074804204299,0.17848933937520134,0.19279628884647662,-0.014306949471275282,0.5381681142542185,0.5692432665464534,-0.031075152292234898
157,0.001,0.7612781954887219,0.7067680381633871,0.05451015732533482,0.611437334454963,0.5686151055294587,0.04282222892550425,0.19242546943326277,0.2032651194704446,-0.01083965003718182,0.5721906602852145,0.5959047312813013,-0.0237140709960868
158,0.01,0.6942456768038163,0.7388193202146691,-0.04457364341085279,0.5312231066967368,0.5892802547681751,-0.05805714807143836,0.19481695316437717,0.19249497037613933,0.0023219827882378363,0.5754856346646555,0.5700582978419242,0.005427336822731332
159,0.05,0.7923520923520923,0.7409063804412641,0.05144571191082814,0.6108408325370647,0.5404042194804319,0.07043661305663274,0.17207593627584258,0.17602969886361033,-0.003953762587767751,0.5161366857335417,0.5296159196004734,-0.013479233866931728
160,0.005,0.7687908496732027,0.6860465116279071,0.08274433804529557,0.6093270834875845,0.5539344486472515,0.055392634840332966,0.17518854100240222,0.1973309590324398,-0.02214241803003758,0.5305968308116316,0.580701928886216,-0.05010509807458441
161,0.1,0.7742993440667859,0.7547704233750745,0.019528920691711416,0.641468478261437,0.6108643719370442,0.03060410632439281,0.16285052893053842,0.16836196334253162,-0.005511434411993199,0.4949095832931704,0.5091271589378972,-0.014217575644726754
162,0.02,0.7035426731078904,0.7245080500894454,-0.020965376981554984,0.5236100834181379,0.5711820714389809,-0.04757198802084306,0.17733338530358805,0.18965580343557994,-0.012322418131991891,0.5356629025233386,0.5617984932753238,-0.026135590751985238
163,0.05,0.8101010101010101,0.7382230172927848,0.07187799280822527,0.6695084626047366,0.5988607658386967,0.07064769676603988,0.1653701192220708,0.17193977812569125,-0.006569658903620462,0.5006418027487356,0.5201456367263326,-0.01950383397759703
164,0.01,0.7348613469156763,0.7166070363744783,0.01825431054119797,0.65335834493486,0.5961125869660189,0.05724575796884113,0.19640080498523615,0.18975164546792608,0.0066491595173100715,0.5789099957237042,0.5654161567699729,0.013493838953731241
165,0.05,0.7771051923594297,0.7450805008944544,0.03202469146497522,0.6831098314827868,0.6001841331193613,0.08292569836342556,0.18417122849919534,0.17371238338903472,0.010458845110160625,0.5486500954528815,0.5264826644741843,0.02216743097869711
166,0.1,0.8552036199095022,0.7280858676207513,0.12711775228875088,0.6959592041291569,0.5528872626584458,0.14307194147071112,0.1423032387216077,0.17448323353798798,-0.032179994816380286,0.44290274429562076,0.5229657899803847,-0.08006304568476391
167,0.1,0.8144912641315519,0.7333035181872392,0.08118774594431277,0.5715217829981322,0.46466049677149335,0.10686128622663882,0.14427063153531694,0.18577414591936045,-0.04150351438404351,0.44470861301443826,0.5428628231649203,-0.09815421015048204
168,0.05,0.8416337285902503,0.7416517590936196,0.09998196949663074,0.788742846036663,0.5975353958964982,0.19120745014016483,0.1658363368369327,0.17607578122172277,-0.010239444384790075,0.5071665645296435,0.5319985706022581,-0.0248320060726146
169,0.05,0.7687142857142857,0.7471675611210494,0.021546724593236255,0.6512914138243306,0.5810624129242274,0.0702290009001032,0.17417839262551127,0.17398828705103342,0.00019010557447785015,0.5258223375695309,0.5248888299250218,0.0009335076445090573
170,0.1,0.781159420289855,0.7288312462731067,0.052328174016748275,0.6233202835057727,0.5588210674337314,0.06449921607204134,0.14515047118723787,0.1751315203760645,-0.02998104918882663,0.45521440893689047,0.5264842339911299,-0.0712698250542394
171,0.05,0.7846715328467153,0.7209302325581396,0.06374130028857572,0.6028549223269284,0.5419717237732902,0.06088319855363822,0.15014711868489275,0.18028714604617618,-0.030140027361283434,0.4672680461871789,0.539247155990252,-0.0719791098030731
172,0.05,0.7594050743657043,0.742546213476446,0.016858860889258254,0.6140710483098636,0.6108119550351223,0.003259093274741276,0.17636695101246067,0.17436015455786943,0.002006796454591231,0.528950513255191,0.5255176774115902,0.003432835843600879
173,0.1,0.7827240566037736,0.7516398330351819,0.03108422356859175,0.6066074872078211,0.5814254962477499,0.025181990960071232,0.16730391148066864,0.1707908230198007,-0.0034869115391320538,0.5045600515909714,0.5132159323417576,-0.00865588075078616
174,0.05,0.7535444947209653,0.7528324388789506,0.0007120558420147249,0.62637579812859,0.5955565739353355,0.030819224193254557,0.16995183999148095,0.17430494436145905,-0.0043531043699781,0.5151890440479604,0.523902181855709,-0.008713137807748628
175,0.02,0.7704081632653063,0.7628205128205128,0.007587650444793481,0.5455132230743482,0.5646765237961704,-0.019163300721822152,0.17617880135426678,0.18184905076530214,-0.005670249411035361,0.5295875382691,0.5425155786290933,-0.012928040359993287
176,0.1,0.8247386759581881,0.7422480620155039,0.0824906139426842,0.6860733470205191,0.587234540381727,0.09883880663879219,0.13006002876387537,0.17320722970229838,-0.043147200938423,0.4165011330809824,0.5257853031151981,-0.1092841700342157
177,0.1,0.8111111111111111,0.7379248658318426,0.07318624527926854,0.6497864913156939,0.556540481413194,0.09324600990249987,0.143058076376324,0.1745790044873297,-0.03152092811100568,0.446516027666991,0.523360720660647,-0.07684469299365598
178,0.1,0.814703080342966,0.7374776386404294,0.07722544170253665,0.6493370068853757,0.5648198182510548,0.0845171886343209,0.1482895593002141,0.17459043899779286,-0.026300879697578772,0.456916322626704,0.5242675070482424,-0.06735118442153842
179,0.001,0.7309923664122138,0.7160107334525939,0.01498163295961985,0.5484969640581143,0.5638920048445033,-0.01539504078638898,0.19801603565625145,0.2030006529459855,-0.004984617289734039,0.584592555637928,0.5953424045168634,-0.010749848878935375
180,0.02,0.7818491032776748,0.727340488968396,0.05450861430927878,0.5852652455089105,0.5161995825042164,0.06906566300469408,0.17317363497205776,0.1861590095786128,-0.01298537460655505,0.523325957394788,0.5536313479556194,-0.03030539056083137
181,0.02,0.7687022900763358,0.6911150864639236,0.07758720361241223,0.5781938951453797,0.5533648889753812,0.024829006169998502,0.17381785155130391,0.18683329171219176,-0.013015440160887848,0.5241942278071388,0.5587854619056254,-0.034591234098486634
182,0.1,0.7909090909090909,0.7471675611210495,0.043741529788041356,0.6763416892738888,0.5550112987075123,0.12133039056637651,0.17141155347373582,0.1732012811361447,-0.0017897276624088687,0.5147481852215313,0.5195061791941358,-0.004757993972604457
183,0.01,0.7657142857142857,0.7100477042337507,0.05566658148053494,0.6301483571536365,0.5455533375411088,0.08459501961252769,0.193407507364757,0.1904908406437588,0.0029166667209982178,0.571182003332271,0.5660538764187268,0.00512812691354414
184,0.02,0.824718045112782,0.7121347644603458,0.11258328065243617,0.6873826996951868,0.5671852433732815,0.12019745632190537,0.16072850042993178,0.18137736024970222,-0.020648859819770438,0.49526258529351863,0.544156252264107,-0.04889366697058839
185,0.1,0.7827772160431412,0.7146690518783542,0.06810816416478704,0.6082893038422853,0.5336646588299147,0.07462464501237065,0.14311302081039673,0.1812519723440036,-0.03813895153360686,0.44904186723014805,0.5461765409796863,-0.09713467374953821
186,0.1,0.7705343511450382,0.7346451997614789,0.0358891513835593,0.5494489189187326,0.5033186339613255,0.04613028495740712,0.16582439519756614,0.17860223230243408,-0.012777837104867934,0.499576666268524,0.528409975968753,-0.02883330970022907
187,0.05,0.7848432055749129,0.7195885509838998,0.0652546545910131,0.679624473473881,0.5878768709286069,0.09174760254527414,0.13764657691199533,0.17670500360270028,-0.039058426690704945,0.43874738860245294,0.5336669784983604,-0.09491958989590749
188,0.05,0.7621467132422991,0.7097495527728086,0.0523971604694905,0.569445045818007,0.4870587597407748,0.08238628607723225,0.16222192613522338,0.18509862373962271,-0.022876697604399338,0.4963043354445881,0.5488372386895435,-0.05253290324495541
189,0.1,0.8292606516290726,0.7413536076326774,0.08790704399639515,0.6897870379178209,0.5802058325299992,0.10958120538782168,0.13815235972016565,0.1715759254495252,-0.03342356572935956,0.4363857617520132,0.5141621022751879,-0.07777634052317467
190,0.1,0.8383613845665291,0.7415026833631484,0.09685870120338069,0.6769261982457159,0.535848961789325,0.14107723645639092,0.14211508863622382,0.17605754958580966,-0.033942460949585834,0.44331546181241516,0.5236583131070941,-0.08034285129467894
191,0.05,0.7832438878950506,0.7502981514609421,0.032945736434108475,0.6860794305032223,0.6018244852740483,0.08425494522917398,0.16541851942243765,0.17348195583780296,-0.008063436415365305,0.5051048152403353,0.5217286880417961,-0.016623872801460715
192,0.002,0.6425163983303518,0.6961836612999404,-0.05366726296958857,0.4838501368859146,0.5595657189627672,-0.07571558207685258,0.20233594678626865,0.20158896715855215,0.0007469796277164986,0.5938006366450173,0.5920030087716935,0.001797627873323715
193,0.1,0.8178743961352658,0.689922480620155,0.12795191551511076,0.6873154367785892,0.5541309550397404,0.13318448173884878,0.13698322923036663,0.18099275068710693,-0.04400952145674031,0.4314119732757774,0.5601294618763737,-0.12871748860059629
194,0.002,0.6757075471698113,0.7219737626714371,-0.046266215501625796,0.6298852456954993,0.5942423433217656,0.03564290237373369,0.2037087625940339,0.20113500900591463,0.0025737535881192597,0.5966356572475241,0.5910154852317805,0.0056201720157436075
195,0.02,0.8028571428571428,0.6999105545617175,0.10294658829542536,0.6855996205662894,0.5593530087233937,0.12624661184289576,0.17447931154074034,0.18061187179210642,-0.006132560251366076,0.5274334275071164,0.5428895152653259,-0.015456087758209502
196,0.1,0.8151957531519576,0.7538759689922481,0.06131978415970951,0.5759248436542292,0.5324938074174355,0.043431036236793785,0.14542243227832508,0.17431806245642303,-0.02889563017809796,0.4499180273345599,0.519167687826886,-0.06924966049232617
197,0.1,0.7981428571428572,0.7365831842576029,0.06155967288525421,0.7064393556591096,0.5828317495455502,0.12360760611355948,0.15842505596592657,0.17159561638117446,-0.01317056041524789,0.487050865869812,0.5169041974556121,-0.029853331585800114
198,0.1,0.7650381679389313,0.7441860465116279,0.020852121427303416,0.6208979130524112,0.5945507682280142,0.02634714482439693,0.16318408787996685,0.17044296367458556,-0.007258875794618702,0.49924926126080776,0.5159326896940739,-0.016683428433266145
199,0.001,0.6606060606060606,0.7060226595110315,-0.04541659890497085,0.5029742629292855,0.4940757143655955,0.00889854856368999,0.220559429175316,0.2053219544634924,0.015237474711823601,0.6328675441881458,0.6010920324366413,0.031775511751504504
200,0.1,0.7689185650693899,0.7519379844961239,0.016980580573266013,0.6871558446113106,0.6043194268536138,0.08283641775769679,0.18661692475949518,0.17416510141912864,0.012451823340366541,0.5537794129944044,0.5250825536129521,0.028696859381452278
